model_id,provider_name,quantization,prompt_price,completion_price,context_length,status
thinkingmachines/inkling,Together,unknown,0.000001,0.00000405,524288,0
moonshotai/kimi-k3,Moonshot AI,int4,0.000003,0.000015,1048576,0
meta/muse-spark-1.1,Meta,unknown,0.00000125,0.00000425,1048576,0
kwaipilot/kat-coder-air-v2.5,StreamLake,unknown,0.00000015,0.0000006,256000,0
kwaipilot/kat-coder-pro-v2.5,StreamLake,unknown,0.00000074,0.00000296,256000,0
openai/gpt-5.6-luna-pro,OpenAI,unknown,0.000001,0.000006,1050000,0
openai/gpt-5.6-luna-pro,OpenAI,unknown,0.0000005,0.000003,1050000,0
openai/gpt-5.6-luna-pro,OpenAI,unknown,0.000002,0.000012,1050000,0
openai/gpt-5.6-luna-pro,Azure,unknown,0.000001,0.000006,1050000,0
openai/gpt-5.6-luna-pro,Azure,unknown,0.0000011,0.0000066,1050000,0
openai/gpt-5.6-luna,OpenAI,unknown,0.000001,0.000006,1050000,0
openai/gpt-5.6-luna,OpenAI,unknown,0.0000005,0.000003,1050000,0
openai/gpt-5.6-luna,OpenAI,unknown,0.000002,0.000012,1050000,0
openai/gpt-5.6-luna,Azure,unknown,0.000001,0.000006,1050000,0
openai/gpt-5.6-luna,Azure,unknown,0.0000011,0.0000066,1050000,0
openai/gpt-5.6-terra-pro,OpenAI,unknown,0.0000025,0.000015,1050000,-2
openai/gpt-5.6-terra-pro,OpenAI,unknown,0.00000125,0.0000075,1050000,-2
openai/gpt-5.6-terra-pro,OpenAI,unknown,0.000005,0.00003,1050000,-2
openai/gpt-5.6-terra-pro,Azure,unknown,0.0000025,0.000015,1050000,0
openai/gpt-5.6-terra-pro,Azure,unknown,0.00000275,0.0000165,1050000,0
openai/gpt-5.6-terra,Azure,unknown,0.0000025,0.000015,1050000,0
openai/gpt-5.6-terra,OpenAI,unknown,0.0000025,0.000015,1050000,0
openai/gpt-5.6-terra,OpenAI,unknown,0.00000125,0.0000075,1050000,0
openai/gpt-5.6-terra,OpenAI,unknown,0.000005,0.00003,1050000,0
openai/gpt-5.6-terra,Azure,unknown,0.00000275,0.0000165,1050000,0
openai/gpt-5.6-sol-pro,Azure,unknown,0.000005,0.00003,1050000,-2
openai/gpt-5.6-sol-pro,OpenAI,unknown,0.000005,0.00003,1050000,-2
openai/gpt-5.6-sol-pro,OpenAI,unknown,0.0000025,0.000015,1050000,-2
openai/gpt-5.6-sol-pro,OpenAI,unknown,0.00001,0.00006,1050000,-2
openai/gpt-5.6-sol-pro,Azure,unknown,0.0000055,0.000033,1050000,0
openai/gpt-5.6-sol,OpenAI,unknown,0.000005,0.00003,1050000,0
openai/gpt-5.6-sol,OpenAI,unknown,0.0000025,0.000015,1050000,0
openai/gpt-5.6-sol,OpenAI,unknown,0.00001,0.00006,1050000,0
openai/gpt-5.6-sol,Azure,unknown,0.000005,0.00003,1050000,0
openai/gpt-5.6-sol,Azure,unknown,0.0000055,0.000033,1050000,0
x-ai/grok-4.5,xAI,unknown,0.000002,0.000006,500000,0
x-ai/grok-4.5,xAI,unknown,0.000004,0.000012,500000,0
x-ai/grok-4.5,xAI,unknown,0.000002,0.000006,500000,0
x-ai/grok-4.5,xAI,unknown,0.000004,0.000012,500000,0
aion-labs/aion-3.0-mini,AionLabs,unknown,0.0000007,0.0000014,131072,0
aion-labs/aion-3.0,AionLabs,unknown,0.000003,0.000006,131072,0
tencent/hy3,DeepInfra,fp8,0.00000014,0.00000058,262144,0
tencent/hy3,GMICloud,bf16,0.00000014,0.00000058,262144,0
tencent/hy3,AtlasCloud,fp8,0.0000002,0.0000008,262144,0
tencent/hy3:free,Novita,unknown,0,0,262144,0
poolside/laguna-xs-2.1,Poolside,fp8,0.00000006,0.00000012,262144,0
poolside/laguna-xs-2.1:free,Poolside,fp8,0,0,262144,0
anthropic/claude-sonnet-5,Azure,unknown,0.000002,0.00001,1000000,0
anthropic/claude-sonnet-5,Anthropic,unknown,0.000002,0.00001,1000000,0
anthropic/claude-sonnet-5,Amazon Bedrock,unknown,0.000002,0.00001,1000000,0
anthropic/claude-sonnet-5,Google,unknown,0.000002,0.00001,1000000,0
anthropic/claude-sonnet-5,Amazon Bedrock,unknown,0.000002,0.00001,1000000,0
anthropic/claude-sonnet-5,Google,unknown,0.0000022,0.000011,1000000,0
anthropic/claude-sonnet-5,Amazon Bedrock,unknown,0.0000022,0.000011,1000000,0
google/gemini-3.1-flash-lite-image,Google,unknown,0.00000025,0.0000015,65536,0
google/gemini-3.1-flash-lite-image,Google AI Studio,unknown,0.00000025,0.0000015,65536,0
nex-agi/nex-n2-mini,Nex AGI,fp8,0.000000025,0.0000001,262144,0
sakana/fugu-ultra,Sakana AI,unknown,0.000005,0.00003,1000000,0
google/gemini-3.1-flash-image,Google,unknown,0.0000005,0.000003,131072,0
google/gemini-3.1-flash-image,Google AI Studio,unknown,0.0000005,0.000003,65536,0
google/gemini-3-pro-image,Google,unknown,0.000002,0.000012,65536,0
google/gemini-3-pro-image,Google AI Studio,unknown,0.000002,0.000012,131072,0
cohere/north-mini-code:free,Cohere,unknown,0,0,256000,0
z-ai/glm-5.2,Decart,fp4,0.0000002478,0.000000778505,1048576,-5
z-ai/glm-5.2,StreamLake,fp8,0.0000002723,0.0000008558,1024000,0
z-ai/glm-5.2,Novita,fp8,0.000000273,0.000000858,1048576,0
z-ai/glm-5.2,Baidu,fp8,0.00000028,0.00000088,1048576,0
z-ai/glm-5.2,DeepInfra,fp4,0.00000093,0.000003,1048576,0
z-ai/glm-5.2,Inceptron,fp4,0.00000094,0.0000029,1048576,-2
z-ai/glm-5.2,DigitalOcean,unknown,0.00000105,0.0000044,262144,0
z-ai/glm-5.2,Ambient,fp8,0.00000105,0.0000044,101376,-2
z-ai/glm-5.2,Morph,unknown,0.0000011,0.0000041,1048576,0
z-ai/glm-5.2,Wafer,fp4,0.0000012,0.0000041,1048576,0
z-ai/glm-5.2,Alibaba,unknown,0.0000012362,0.0000038852,1048576,0
z-ai/glm-5.2,AtlasCloud,fp8,0.00000126,0.00000396,1048576,0
z-ai/glm-5.2,AkashML,fp8,0.0000013,0.0000044,96890,0
z-ai/glm-5.2,SiliconFlow,fp8,0.000001302,0.000004092,1048576,0
z-ai/glm-5.2,WandB,fp4,0.00000139,0.0000044,262144,0
z-ai/glm-5.2,Z.AI,fp8,0.0000014,0.0000044,1048576,0
z-ai/glm-5.2,Chutes,fp4,0.0000014,0.0000044,1048576,0
z-ai/glm-5.2,Fireworks,unknown,0.0000014,0.0000044,1048576,0
z-ai/glm-5.2,Cloudflare,unknown,0.0000014,0.0000044,262144,0
z-ai/glm-5.2,Friendli,unknown,0.0000014,0.0000044,1048576,0
z-ai/glm-5.2,Parasail,fp4,0.0000014,0.0000044,262144,0
z-ai/glm-5.2,GMICloud,fp8,0.0000014,0.0000044,1048576,0
z-ai/glm-5.2,Venice,fp8,0.0000014,0.0000044,1000000,0
z-ai/glm-5.2,Together,unknown,0.0000014,0.0000044,262144,0
z-ai/glm-5.2,Ionstream,fp4,0.0000014,0.0000044,1048576,-2
z-ai/glm-5.2,Phala,unknown,0.0000014,0.0000044,1048576,0
z-ai/glm-5.2,BaseTen,fp8,0.0000014,0.0000044,256000,0
z-ai/glm-5.2,Fireworks,unknown,0.0000021,0.0000066,1048576,0
z-ai/glm-5.2,Io Net,fp8,0.000002576816,0.000005636785,262144,0
z-ai/glm-5.2,Wafer,fp4,0.000003,0.00001025,1048576,0
moonshotai/kimi-k2.7-code,Inceptron,int4,0.00000072,0.0000035,262144,0
moonshotai/kimi-k2.7-code,DeepInfra,fp4,0.00000074,0.0000035,262144,0
moonshotai/kimi-k2.7-code,Venice,int4,0.00000075,0.0000035,256000,0
moonshotai/kimi-k2.7-code,Parasail,int4,0.00000076,0.0000035,262144,0
moonshotai/kimi-k2.7-code,Ambient,int4,0.00000085,0.0000038,262144,0
moonshotai/kimi-k2.7-code,SiliconFlow,fp8,0.00000085916,0.0000038,262144,0
moonshotai/kimi-k2.7-code,Novita,int4,0.000000912,0.00000384,262144,0
moonshotai/kimi-k2.7-code,WandB,int4,0.00000094,0.000004,262144,0
moonshotai/kimi-k2.7-code,Moonshot AI,int4,0.00000095,0.000004,262144,0
moonshotai/kimi-k2.7-code,Cloudflare,unknown,0.00000095,0.000004,262144,0
moonshotai/kimi-k2.7-code,AtlasCloud,int4,0.00000095,0.000004,262144,0
moonshotai/kimi-k2.7-code,Together,unknown,0.00000095,0.000004,262144,0
moonshotai/kimi-k2.7-code,Fireworks,unknown,0.00000095,0.000004,262144,0
moonshotai/kimi-k2.7-code,Moonshot AI,int4,0.0000019,0.000008,262144,0
anthropic/claude-fable-5,Google,unknown,0.00001,0.00005,1000000,0
anthropic/claude-fable-5,Azure,unknown,0.00001,0.00005,1000000,0
anthropic/claude-fable-5,Amazon Bedrock,unknown,0.00001,0.00005,1000000,0
anthropic/claude-fable-5,Anthropic,unknown,0.00001,0.00005,1000000,-2
anthropic/claude-fable-5,Amazon Bedrock,unknown,0.00001,0.00005,1000000,0
anthropic/claude-fable-5,Google,unknown,0.000011,0.000055,1000000,0
nex-agi/nex-n2-pro,Nex AGI,fp8,0.00000025,0.000001,262144,0
nex-agi/nex-n2-pro,SiliconFlow,unknown,0.0000005,0.0000025,262144,0
nvidia/nemotron-3.5-content-safety:free,Nvidia,unknown,0,0,128000,0
nvidia/nemotron-3-ultra-550b-a55b,DeepInfra,fp4,0.0000005,0.0000022,262144,0
nvidia/nemotron-3-ultra-550b-a55b,BaseTen,fp4,0.0000006,0.0000024,202800,0
nvidia/nemotron-3-ultra-550b-a55b,Together,unknown,0.0000006,0.0000036,512288,0
nvidia/nemotron-3-ultra-550b-a55b,Venice,fp8,0.000000625,0.000003125,256000,0
nvidia/nemotron-3-ultra-550b-a55b:free,Nvidia,unknown,0,0,1000000,0
qwen/qwen3.7-plus,Alibaba,unknown,0.00000032,0.00000128,1000000,0
minimax/minimax-m3,Novita,fp8,0.0000003,0.0000012,1000000,0
minimax/minimax-m3,Venice,fp8,0.0000003,0.0000012,524288,0
minimax/minimax-m3,GMICloud,fp8,0.0000003,0.0000012,1048576,0
minimax/minimax-m3,Minimax,fp8,0.0000003,0.0000012,524288,0
minimax/minimax-m3,AtlasCloud,fp8,0.0000003,0.0000012,524300,0
minimax/minimax-m3,Together,unknown,0.0000003,0.0000012,524288,0
minimax/minimax-m3,Parasail,fp8,0.0000003,0.0000012,1048576,-5
minimax/minimax-m3,DeepInfra,bf16,0.0000003,0.0000012,524288,0
minimax/minimax-m3,Morph,unknown,0.0000006,0.0000024,256000,-2
stepfun/step-3.7-flash,StepFun,fp8,0.0000002,0.00000115,256000,0
stepfun/step-3.7-flash,DeepInfra,unknown,0.0000002,0.00000115,262144,0
stepfun/step-3.7-flash,Novita,fp8,0.0000002,0.00000115,262144,0
anthropic/claude-opus-4.8-fast,Anthropic,unknown,0.00001,0.00005,1000000,0
anthropic/claude-opus-4.8,Azure,unknown,0.000005,0.000025,1000000,0
anthropic/claude-opus-4.8,Google,unknown,0.000005,0.000025,1000000,0
anthropic/claude-opus-4.8,Anthropic,unknown,0.000005,0.000025,1000000,0
anthropic/claude-opus-4.8,Anthropic,unknown,0.000005,0.000025,1000000,0
anthropic/claude-opus-4.8,Amazon Bedrock,unknown,0.000005,0.000025,1000000,0
anthropic/claude-opus-4.8,Google,unknown,0.0000055,0.0000275,1000000,0
anthropic/claude-opus-4.8,Amazon Bedrock,unknown,0.0000055,0.0000275,1000000,0
qwen/qwen3.7-max,Alibaba,unknown,0.000001475,0.000004425,1000000,0
x-ai/grok-build-0.1,xAI,unknown,0.000001,0.000002,256000,0
x-ai/grok-build-0.1,xAI,unknown,0.000002,0.000004,256000,0
x-ai/grok-build-0.1,xAI,unknown,0.000001,0.000002,256000,0
x-ai/grok-build-0.1,xAI,unknown,0.000002,0.000004,256000,0
google/gemini-3.5-flash,Google,unknown,0.0000015,0.000009,1048576,0
google/gemini-3.5-flash,Google,unknown,0.00000075,0.0000045,1048576,0
google/gemini-3.5-flash,Google,unknown,0.0000027,0.0000162,1048576,0
google/gemini-3.5-flash,Google AI Studio,unknown,0.0000015,0.000009,1048576,0
google/gemini-3.5-flash,Google AI Studio,unknown,0.00000075,0.0000045,1048576,0
google/gemini-3.5-flash,Google AI Studio,unknown,0.0000027,0.0000162,1048576,0
anthropic/claude-opus-4.7-fast,Anthropic,unknown,0.00003,0.00015,1000000,0
perceptron/perceptron-mk1,Perceptron,unknown,0.00000015,0.0000015,32768,0
inclusionai/ring-2.6-1t,Novita,unknown,0.000000075,0.000000625,262144,0
google/gemini-3.1-flash-lite,Google,unknown,0.00000025,0.0000015,1048576,0
google/gemini-3.1-flash-lite,Google,unknown,0.000000125,0.00000075,1048576,0
google/gemini-3.1-flash-lite,Google,unknown,0.00000045,0.0000027,1048576,0
google/gemini-3.1-flash-lite,Google AI Studio,unknown,0.00000025,0.0000015,1048576,0
google/gemini-3.1-flash-lite,Google AI Studio,unknown,0.000000125,0.00000075,1048576,0
google/gemini-3.1-flash-lite,Google AI Studio,unknown,0.00000045,0.0000027,1048576,0
openai/gpt-chat-latest,OpenAI,unknown,0.000005,0.00003,400000,0
x-ai/grok-4.3,xAI,unknown,0.00000125,0.0000025,1000000,0
x-ai/grok-4.3,xAI,unknown,0.0000025,0.000005,1000000,0
x-ai/grok-4.3,xAI,unknown,0.00000125,0.0000025,1000000,0
x-ai/grok-4.3,xAI,unknown,0.0000025,0.000005,1000000,0
ibm-granite/granite-4.1-8b,WandB,bf16,0.00000005,0.0000001,131072,0
mistralai/mistral-medium-3-5,Mistral,unknown,0.0000015,0.0000075,262144,0
nvidia/nemotron-3-nano-omni-30b-a3b-reasoning:free,Nvidia,unknown,0,0,256000,-5
poolside/laguna-m.1,Poolside,fp4,0.0000002,0.0000004,262144,0
poolside/laguna-m.1:free,Poolside,fp4,0,0,262144,0
qwen/qwen3.5-plus-20260420,Alibaba,unknown,0.0000003,0.0000018,1000000,0
qwen/qwen3.6-flash,Alibaba,unknown,0.0000001875,0.000001125,1000000,0
qwen/qwen3.6-35b-a3b,DekaLLM,unknown,0.00000013,0.000001,262144,0
qwen/qwen3.6-35b-a3b,AkashML,fp8,0.00000014,0.000001,262144,0
qwen/qwen3.6-35b-a3b,Parasail,fp8,0.00000015,0.000001,262144,0
qwen/qwen3.6-35b-a3b,AtlasCloud,fp8,0.000000186,0.00000111375,262144,0
qwen/qwen3.6-35b-a3b,SiliconFlow,fp8,0.0000002,0.0000016,262144,0
qwen/qwen3.6-35b-a3b,WandB,fp8,0.00000025,0.00000125,262144,0
qwen/qwen3.6-max-preview,Alibaba,unknown,0.00000104,0.00000624,262144,0
qwen/qwen3.6-27b,Morph,unknown,0.000000289,0.0000024,131072,0
qwen/qwen3.6-27b,Chutes,fp8,0.0000003,0.000002,262144,0
qwen/qwen3.6-27b,SiliconFlow,fp8,0.0000003,0.0000032,262144,0
qwen/qwen3.6-27b,Phala,unknown,0.00000032,0.0000027,262144,0
qwen/qwen3.6-27b,DeepInfra,fp8,0.00000032,0.0000032,262144,0
qwen/qwen3.6-27b,Venice,fp8,0.000000325,0.00000325,256000,0
qwen/qwen3.6-27b,Io Net,fp8,0.00000038,0.0000032,32768,0
qwen/qwen3.6-27b,Alibaba,unknown,0.00000045,0.0000027,262144,0
qwen/qwen3.6-27b,WandB,fp8,0.0000006,0.0000036,262144,0
openai/gpt-5.5-pro,OpenAI,unknown,0.00003,0.00018,1050000,0
openai/gpt-5.5-pro,OpenAI,unknown,0.000015,0.00009,1050000,0
openai/gpt-5.5,OpenAI,unknown,0.000005,0.00003,1050000,-2
openai/gpt-5.5,OpenAI,unknown,0.0000025,0.000015,1050000,-2
openai/gpt-5.5,OpenAI,unknown,0.0000125,0.000075,1050000,-2
openai/gpt-5.5,Azure,unknown,0.000005,0.00003,1050000,0
openai/gpt-5.5,Azure,unknown,0.0000055,0.000033,1050000,0
deepseek/deepseek-v4-pro,DeepSeek,unknown,0.000000435,0.00000087,1048576,0
deepseek/deepseek-v4-pro,StreamLake,fp8,0.0000007134,0.0000014268,1024000,0
deepseek/deepseek-v4-pro,Baidu,fp8,0.00000074529,0.00000149058,1048576,0
deepseek/deepseek-v4-pro,GMICloud,fp8,0.000001131,0.000002262,1048576,0
deepseek/deepseek-v4-pro,Ionstream,fp4,0.000001131,0.000002262,1048576,0
deepseek/deepseek-v4-pro,Novita,fp8,0.000001168,0.000002336,1048576,0
deepseek/deepseek-v4-pro,DeepInfra,fp4,0.0000013,0.0000026,1048576,0
deepseek/deepseek-v4-pro,DigitalOcean,unknown,0.000001392,0.000002784,262144,0
deepseek/deepseek-v4-pro,Alibaba,unknown,0.000001416,0.000002832,1000000,0
deepseek/deepseek-v4-pro,SiliconFlow,fp8,0.00000150162,0.000003135,1048576,0
deepseek/deepseek-v4-pro,Venice,unknown,0.00000165,0.000003301,1000000,0
deepseek/deepseek-v4-pro,AtlasCloud,fp4,0.00000168,0.00000338,1048576,0
deepseek/deepseek-v4-pro,BaseTen,fp4,0.00000174,0.00000348,262144,0
deepseek/deepseek-v4-pro,Parasail,fp8,0.00000174,0.00000348,1048576,-2
deepseek/deepseek-v4-pro,WandB,fp8,0.00000174,0.00000348,1048576,0
deepseek/deepseek-v4-pro,Together,unknown,0.00000174,0.00000348,512000,0
deepseek/deepseek-v4-pro,Fireworks,unknown,0.00000174,0.00000348,1048576,0
deepseek/deepseek-v4-flash,DeepInfra,fp4,0.00000009,0.00000018,1048576,0
deepseek/deepseek-v4-flash,StreamLake,fp8,0.0000000966,0.0000001932,1024000,0
deepseek/deepseek-v4-flash,GMICloud,fp8,0.000000098,0.000000196,1048575,0
deepseek/deepseek-v4-flash,Baidu,fp8,0.0000000983,0.0000001966,1048576,0
deepseek/deepseek-v4-flash,DigitalOcean,unknown,0.000000112,0.000000224,262144,0
deepseek/deepseek-v4-flash,SiliconFlow,fp8,0.00000013,0.00000028,1048576,0
deepseek/deepseek-v4-flash,Alibaba,unknown,0.000000134,0.000000268,1000000,0
deepseek/deepseek-v4-flash,Venice,unknown,0.000000138,0.000000275,1000000,0
deepseek/deepseek-v4-flash,Morph,unknown,0.000000139,0.000000278,1048576,0
deepseek/deepseek-v4-flash,Parasail,fp8,0.00000014,0.00000028,1048576,0
deepseek/deepseek-v4-flash,Fireworks,unknown,0.00000014,0.00000028,1048576,0
deepseek/deepseek-v4-flash,Novita,fp8,0.00000014,0.00000028,1048576,0
deepseek/deepseek-v4-flash,WandB,fp8,0.00000014,0.00000028,1048576,0
deepseek/deepseek-v4-flash,AkashML,fp8,0.00000014,0.00000028,131072,0
deepseek/deepseek-v4-flash,AtlasCloud,fp4,0.00000014,0.00000028,1048576,0
deepseek/deepseek-v4-flash,DeepSeek,unknown,0.00000014,0.00000028,1048576,0
deepseek/deepseek-v4-flash,Io Net,fp8,0.00000025,0.000000399,1048576,0
deepseek/deepseek-v4-flash,Ambient,fp4,0.0000005,0.0000008,1048576,0
inclusionai/ling-2.6-1t,Novita,unknown,0.000000075,0.000000625,262144,0
tencent/hy3-preview,GMICloud,bf16,0.000000063,0.00000021,262144,0
tencent/hy3-preview,SiliconFlow,unknown,0.000000066,0.00000026,262144,0
xiaomi/mimo-v2.5-pro,GMICloud,bf16,0.000000348,0.000000696,1050000,0
xiaomi/mimo-v2.5-pro,Xiaomi,fp8,0.000000435,0.00000087,1048576,0
xiaomi/mimo-v2.5-pro,AtlasCloud,fp8,0.000000435,0.00000087,1024000,0
xiaomi/mimo-v2.5-pro,Novita,unknown,0.00000048024,0.00000096048,1048576,0
xiaomi/mimo-v2.5-pro,DigitalOcean,unknown,0.0000006,0.000003,262144,0
xiaomi/mimo-v2.5-pro,DeepInfra,fp8,0.000001,0.000003,1048576,0
xiaomi/mimo-v2.5,DigitalOcean,unknown,0.000000105,0.00000028,262144,0
xiaomi/mimo-v2.5,GMICloud,fp8,0.000000112,0.000000224,1050000,0
xiaomi/mimo-v2.5,Xiaomi,fp8,0.00000014,0.00000028,1048576,0
xiaomi/mimo-v2.5,Parasail,fp8,0.00000014,0.00000028,1048576,-2
xiaomi/mimo-v2.5,Venice,fp8,0.00000014,0.00000028,1000000,-2
xiaomi/mimo-v2.5,Novita,fp8,0.000000168,0.000000336,1048576,0
xiaomi/mimo-v2.5,DeepInfra,bf16,0.0000004,0.000002,262144,-2
openai/gpt-5.4-image-2,OpenAI,unknown,0.000008,0.000015,272000,0
inclusionai/ling-2.6-flash,Novita,unknown,0.00000001,0.00000003,262144,0
moonshotai/kimi-k2.6,Inceptron,int4,0.00000066,0.00000341,262144,0
moonshotai/kimi-k2.6,Decart,fp4,0.00000066,0.00000341,262144,0
moonshotai/kimi-k2.6,Chutes,int4,0.00000066,0.0000035,262144,-2
moonshotai/kimi-k2.6,Baidu,fp4,0.000000684,0.00000342,262144,0
moonshotai/kimi-k2.6,ModelRun,fp4,0.0000007,0.0000034,262144,0
moonshotai/kimi-k2.6,Parasail,int4,0.00000075,0.0000035,262144,-2
moonshotai/kimi-k2.6,Venice,int4,0.00000075,0.0000035,256000,0
moonshotai/kimi-k2.6,DeepInfra,fp4,0.00000075,0.0000035,262144,0
moonshotai/kimi-k2.6,DigitalOcean,unknown,0.00000076,0.0000032,262144,0
moonshotai/kimi-k2.6,SiliconFlow,fp8,0.00000077,0.0000034,262144,0
moonshotai/kimi-k2.6,Novita,unknown,0.0000008,0.0000034,262144,0
moonshotai/kimi-k2.6,StreamLake,fp8,0.000000855,0.0000036,256000,0
moonshotai/kimi-k2.6,AtlasCloud,int4,0.00000095,0.000004,262144,0
moonshotai/kimi-k2.6,Moonshot AI,int4,0.00000095,0.000004,262144,0
moonshotai/kimi-k2.6,WandB,fp4,0.00000095,0.000004,262144,0
moonshotai/kimi-k2.6,Cloudflare,unknown,0.00000095,0.000004,262144,0
moonshotai/kimi-k2.6,Phala,unknown,0.00000109,0.0000046,262144,0
moonshotai/kimi-k2.6,Together,unknown,0.0000012,0.0000045,262144,0
moonshotai/kimi-k2.6,BaseTen,fp4,0.00000095,0.000004,262000,0
moonshotai/kimi-k2.6,Fireworks,unknown,0.00000095,0.000004,262144,0
anthropic/claude-opus-4.7,Amazon Bedrock,unknown,0.000005,0.000025,1000000,0
anthropic/claude-opus-4.7,Anthropic,unknown,0.000005,0.000025,1000000,0
anthropic/claude-opus-4.7,Google,unknown,0.000005,0.000025,1000000,0
anthropic/claude-opus-4.7,Anthropic,unknown,0.000005,0.000025,1000000,0
anthropic/claude-opus-4.7,Azure,unknown,0.000005,0.000025,1000000,0
anthropic/claude-opus-4.7,Google,unknown,0.0000055,0.0000275,1000000,0
anthropic/claude-opus-4.7,Amazon Bedrock,unknown,0.0000055,0.0000275,1000000,0
z-ai/glm-5.1,StreamLake,fp8,0.000000966,0.000003036,200000,0
z-ai/glm-5.1,DigitalOcean,unknown,0.000000975,0.0000043,163840,-5
z-ai/glm-5.1,Chutes,fp8,0.00000098,0.00000308,202752,0
z-ai/glm-5.1,Baidu,fp8,0.00000098,0.00000308,202752,0
z-ai/glm-5.1,GMICloud,fp8,0.00000098,0.00000308,202752,0
z-ai/glm-5.1,Wafer,fp4,0.000001,0.0000032,202752,0
z-ai/glm-5.1,DeepInfra,fp4,0.00000105,0.0000035,202752,0
z-ai/glm-5.1,SiliconFlow,fp8,0.00000119,0.00000374,204800,0
z-ai/glm-5.1,Phala,unknown,0.00000121,0.0000042,202752,0
z-ai/glm-5.1,AtlasCloud,fp8,0.00000126,0.00000396,202752,0
z-ai/glm-5.1,BaseTen,fp4,0.0000013,0.0000043,202800,0
z-ai/glm-5.1,Novita,fp8,0.00000138,0.0000044,204800,0
z-ai/glm-5.1,Nebius,fp8,0.0000014,0.0000044,202752,0
z-ai/glm-5.1,Parasail,fp8,0.0000014,0.0000044,202752,0
z-ai/glm-5.1,Fireworks,unknown,0.0000014,0.0000044,202752,0
z-ai/glm-5.1,Friendli,unknown,0.0000014,0.0000044,202752,0
z-ai/glm-5.1,Z.AI,fp8,0.0000014,0.0000044,202752,0
z-ai/glm-5.1,Venice,fp8,0.00000154,0.00000484,200000,0
google/gemma-4-26b-a4b-it,DekaLLM,bf16,0.00000006,0.00000033,262144,0
google/gemma-4-26b-a4b-it,DeepInfra,fp8,0.00000007,0.00000034,262144,-2
google/gemma-4-26b-a4b-it,Cloudflare,unknown,0.0000001,0.0000003,256000,0
google/gemma-4-26b-a4b-it,NextBit,bf16,0.00000012,0.00000035,262144,-2
google/gemma-4-26b-a4b-it,SiliconFlow,fp8,0.00000012,0.0000004,262144,0
google/gemma-4-26b-a4b-it,Novita,bf16,0.00000013,0.0000004,262144,0
google/gemma-4-26b-a4b-it,Parasail,bf16,0.00000013,0.0000004,262144,-2
google/gemma-4-26b-a4b-it,Venice,bf16,0.00000013,0.0000004,256000,-2
google/gemma-4-26b-a4b-it,Wafer,fp8,0.00000013,0.0000004,262144,0
google/gemma-4-26b-a4b-it,Google,unknown,0.00000015,0.0000006,262144,0
google/gemma-4-26b-a4b-it:free,Darkbloom,unknown,0,0,131072,0
google/gemma-4-26b-a4b-it:free,Google AI Studio,unknown,0,0,262144,0
google/gemma-4-31b-it,OpenInference,bf16,0.0000001,0.00000035,262144,0
google/gemma-4-31b-it,WandB,bf16,0.00000012,0.00000035,262144,0
google/gemma-4-31b-it,Venice,bf16,0.00000012,0.00000036,256000,0
google/gemma-4-31b-it,Chutes,fp4,0.00000012,0.00000037,131072,-5
google/gemma-4-31b-it,DeepInfra,fp4,0.00000012,0.00000037,262144,0
google/gemma-4-31b-it,DeepInfra,fp8,0.00000013,0.00000038,262144,-2
google/gemma-4-31b-it,SiliconFlow,fp8,0.00000013,0.0000004,262144,0
google/gemma-4-31b-it,Novita,bf16,0.00000014,0.0000004,262144,-5
google/gemma-4-31b-it,Friendli,unknown,0.00000014,0.0000004,262144,0
google/gemma-4-31b-it,Parasail,fp8,0.00000015,0.0000004,262144,-2
google/gemma-4-31b-it,Phala,unknown,0.00000015,0.00000046,262144,0
google/gemma-4-31b-it,ModelRun,fp4,0.00000022,0.00000055,262144,0
google/gemma-4-31b-it,Together,unknown,0.00000028,0.00000086,262144,-2
google/gemma-4-31b-it,SambaNova,unknown,0.00000038,0.00000115,131072,0
google/gemma-4-31b-it,Together,unknown,0.00000039,0.00000097,262144,0
google/gemma-4-31b-it,Cerebras,fp16,0.00000099,0.00000149,131072,0
google/gemma-4-31b-it:free,Google AI Studio,unknown,0,0,262144,0
qwen/qwen3.6-plus,Alibaba,unknown,0.000000325,0.00000195,1000000,0
z-ai/glm-5v-turbo,Z.AI,fp8,0.0000012,0.000004,202752,0
arcee-ai/trinity-large-thinking,Arcee AI,unknown,0.00000025,0.0000008,262144,0
x-ai/grok-4.20-multi-agent,xAI,unknown,0.00000125,0.0000025,2000000,-5
x-ai/grok-4.20-multi-agent,xAI,unknown,0.0000025,0.000005,2000000,-5
x-ai/grok-4.20-multi-agent,xAI,unknown,0.00000125,0.0000025,2000000,0
x-ai/grok-4.20-multi-agent,xAI,unknown,0.0000025,0.000005,2000000,0
x-ai/grok-4.20,xAI,unknown,0.00000125,0.0000025,2000000,0
x-ai/grok-4.20,xAI,unknown,0.0000025,0.000005,2000000,0
x-ai/grok-4.20,xAI,unknown,0.00000125,0.0000025,2000000,0
x-ai/grok-4.20,xAI,unknown,0.0000025,0.000005,2000000,0
google/lyria-3-pro-preview,Google AI Studio,unknown,0,0,1048576,0
google/lyria-3-clip-preview,Google AI Studio,unknown,0,0,1048576,0
kwaipilot/kat-coder-pro-v2,StreamLake,unknown,0.0000003,0.0000012,256000,0
kwaipilot/kat-coder-pro-v2,AtlasCloud,fp8,0.0000003,0.0000012,262144,0
rekaai/reka-edge,Reka,bf16,0.0000001,0.0000001,16384,0
minimax/minimax-m2.7,Mara,unknown,0.00000024,0.00000096,196608,0
minimax/minimax-m2.7,DeepInfra,fp8,0.00000025,0.000001,196608,0
minimax/minimax-m2.7,Novita,fp8,0.00000027,0.00000108,204800,0
minimax/minimax-m2.7,Morph,unknown,0.000000279,0.0000012,196608,0
minimax/minimax-m2.7,GMICloud,fp8,0.0000003,0.0000012,196608,0
minimax/minimax-m2.7,Minimax,fp8,0.0000003,0.0000012,204800,0
minimax/minimax-m2.7,AtlasCloud,fp8,0.0000003,0.0000012,196608,0
minimax/minimax-m2.7,Fireworks,unknown,0.0000003,0.0000012,196608,-5
minimax/minimax-m2.7,Together,fp4,0.0000003,0.0000012,196608,0
minimax/minimax-m2.7,SambaNova,unknown,0.0000003,0.0000015,196608,0
minimax/minimax-m2.7,DeepInfra,fp8,0.00000038,0.0000017,196608,0
minimax/minimax-m2.7,Groq,unknown,0.0000006,0.0000018,196608,0
minimax/minimax-m2.7,Minimax,fp8,0.0000006,0.0000024,204800,0
minimax/minimax-m2.7,SambaNova,unknown,0.0000006,0.0000024,196608,0
openai/gpt-5.4-nano,Azure,unknown,0.0000002,0.00000125,400000,0
openai/gpt-5.4-nano,OpenAI,unknown,0.0000002,0.00000125,400000,-2
openai/gpt-5.4-nano,OpenAI,unknown,0.0000001,0.000000625,400000,-2
openai/gpt-5.4-mini,OpenAI,unknown,0.00000075,0.0000045,400000,0
openai/gpt-5.4-mini,OpenAI,unknown,0.000000375,0.00000225,400000,0
openai/gpt-5.4-mini,OpenAI,unknown,0.0000015,0.000009,400000,0
openai/gpt-5.4-mini,Azure,unknown,0.00000075,0.0000045,400000,0
mistralai/mistral-small-2603,Mistral,unknown,0.00000015,0.0000006,262144,0
mistralai/mistral-small-2603,Venice,fp8,0.0000001875,0.00000075,256000,0
z-ai/glm-5-turbo,Z.AI,unknown,0.0000012,0.000004,202752,0
nvidia/nemotron-3-super-120b-a12b,DekaLLM,fp8,0.00000008,0.00000045,262144,0
nvidia/nemotron-3-super-120b-a12b,DeepInfra,bf16,0.000000085,0.0000004,262144,0
nvidia/nemotron-3-super-120b-a12b,DigitalOcean,unknown,0.00000021,0.000000455,1000000,0
nvidia/nemotron-3-super-120b-a12b,Nebius,fp4,0.0000003,0.0000009,262144,0
nvidia/nemotron-3-super-120b-a12b:free,Nvidia,unknown,0,0,262144,0
bytedance-seed/seed-2.0-lite,Seed,fp8,0.00000025,0.000002,262144,0
qwen/qwen3.5-9b,SiliconFlow,fp8,0.0000001,0.00000015,262144,0
qwen/qwen3.5-9b,DeepInfra,bf16,0.0000001,0.00000015,262144,0
qwen/qwen3.5-9b,Venice,fp8,0.0000001,0.00000015,256000,0
qwen/qwen3.5-9b,Parasail,bf16,0.0000001,0.00000025,262144,0
qwen/qwen3.5-9b,Together,unknown,0.00000017,0.00000025,262144,0
openai/gpt-5.4-pro,OpenAI,unknown,0.00003,0.00018,1050000,0
openai/gpt-5.4-pro,OpenAI,unknown,0.000015,0.00009,1050000,0
openai/gpt-5.4-pro,Azure,unknown,0.00003,0.00018,1050000,0
openai/gpt-5.4,OpenAI,unknown,0.0000025,0.000015,1050000,0
openai/gpt-5.4,OpenAI,unknown,0.00000125,0.0000075,1050000,0
openai/gpt-5.4,OpenAI,unknown,0.000005,0.00003,1050000,0
openai/gpt-5.4,Azure,unknown,0.0000025,0.000015,1050000,0
openai/gpt-5.4,Azure,unknown,0.00000275,0.0000165,1050000,0
inception/mercury-2,Inception,unknown,0.00000025,0.00000075,128000,0
openai/gpt-5.3-chat,Azure,unknown,0.00000175,0.000014,128000,0
openai/gpt-5.3-chat,OpenAI,unknown,0.00000175,0.000014,128000,0
google/gemini-3.1-flash-lite-preview,Google AI Studio,unknown,0.00000025,0.0000015,1048576,0
google/gemini-3.1-flash-lite-preview,Google AI Studio,unknown,0.000000125,0.00000075,1048576,0
google/gemini-3.1-flash-lite-preview,Google AI Studio,unknown,0.00000045,0.0000027,1048576,0
bytedance-seed/seed-2.0-mini,Seed,fp8,0.0000001,0.0000004,262144,0
google/gemini-3.1-flash-image-preview,Google,unknown,0.0000005,0.000003,131072,0
google/gemini-3.1-flash-image-preview,Google,unknown,0.00000025,0.0000015,131072,0
google/gemini-3.1-flash-image-preview,Google AI Studio,unknown,0.0000005,0.000003,65536,0
qwen/qwen3.5-35b-a3b,DeepInfra,fp8,0.00000014,0.000001,262144,0
qwen/qwen3.5-35b-a3b,AkashML,fp8,0.00000014,0.000001,262144,0
qwen/qwen3.5-35b-a3b,Parasail,fp8,0.00000015,0.000001,262144,0
qwen/qwen3.5-35b-a3b,Alibaba,unknown,0.0000001625,0.0000013,262144,0
qwen/qwen3.5-35b-a3b,AtlasCloud,fp8,0.000000225,0.0000018,262144,0
qwen/qwen3.5-35b-a3b,NextBit,fp8,0.00000023,0.0000016,262144,0
qwen/qwen3.5-35b-a3b,SiliconFlow,fp8,0.00000024,0.0000018,262144,0
qwen/qwen3.5-35b-a3b,WandB,fp8,0.00000025,0.00000125,262144,0
qwen/qwen3.5-35b-a3b,Venice,unknown,0.0000003125,0.00000125,256000,0
qwen/qwen3.5-27b,Alibaba,unknown,0.000000195,0.00000156,262144,0
qwen/qwen3.5-27b,SiliconFlow,fp8,0.00000025,0.000002,262144,0
qwen/qwen3.5-27b,DeepInfra,fp8,0.00000026,0.0000026,262144,0
qwen/qwen3.5-27b,AtlasCloud,fp8,0.00000027,0.00000216,262144,0
qwen/qwen3.5-27b,Novita,bf16,0.0000003,0.0000024,262144,0
qwen/qwen3.5-27b,Phala,unknown,0.0000003,0.0000024,262144,0
qwen/qwen3.5-122b-a10b,SiliconFlow,fp8,0.00000026,0.00000208,262144,0
qwen/qwen3.5-122b-a10b,Alibaba,unknown,0.00000026,0.00000208,262144,0
qwen/qwen3.5-122b-a10b,DeepInfra,fp4,0.00000029,0.0000024,262144,0
qwen/qwen3.5-122b-a10b,AtlasCloud,fp8,0.0000003,0.0000024,262144,0
qwen/qwen3.5-122b-a10b,Novita,bf16,0.0000004,0.0000032,262144,0
qwen/qwen3.5-flash-02-23,Alibaba,unknown,0.000000065,0.00000026,1000000,0
google/gemini-3.1-pro-preview-customtools,Google AI Studio,unknown,0.000002,0.000012,1048576,0
openai/gpt-5.3-codex,OpenAI,unknown,0.00000175,0.000014,400000,0
openai/gpt-5.3-codex,OpenAI,unknown,0.0000035,0.000028,400000,0
openai/gpt-5.3-codex,Azure,unknown,0.00000175,0.000014,400000,0
aion-labs/aion-2.0,AionLabs,unknown,0.0000008,0.0000016,131072,0
google/gemini-3.1-pro-preview,Google,unknown,0.000002,0.000012,1048576,0
google/gemini-3.1-pro-preview,Google,unknown,0.000001,0.000006,1048576,0
google/gemini-3.1-pro-preview,Google,unknown,0.0000036,0.0000216,1048576,0
google/gemini-3.1-pro-preview,Google AI Studio,unknown,0.000002,0.000012,1048576,0
google/gemini-3.1-pro-preview,Google AI Studio,unknown,0.000001,0.000006,1048576,0
google/gemini-3.1-pro-preview,Google AI Studio,unknown,0.0000036,0.0000216,1048576,0
anthropic/claude-sonnet-4.6,Anthropic,unknown,0.000003,0.000015,1000000,0
anthropic/claude-sonnet-4.6,Azure,unknown,0.000003,0.000015,1000000,0
anthropic/claude-sonnet-4.6,Google,unknown,0.000003,0.000015,1000000,0
anthropic/claude-sonnet-4.6,Anthropic,unknown,0.000003,0.000015,1000000,0
anthropic/claude-sonnet-4.6,Amazon Bedrock,unknown,0.000003,0.000015,1000000,0
anthropic/claude-sonnet-4.6,Google,unknown,0.0000033,0.0000165,1000000,0
anthropic/claude-sonnet-4.6,Google,unknown,0.0000033,0.0000165,1000000,0
anthropic/claude-sonnet-4.6,Amazon Bedrock,unknown,0.0000033,0.0000165,1000000,0
qwen/qwen3.5-plus-02-15,Alibaba,unknown,0.00000026,0.00000156,1000000,0
qwen/qwen3.5-397b-a17b,DigitalOcean,unknown,0.000000385,0.00000245,131072,0
qwen/qwen3.5-397b-a17b,Alibaba,unknown,0.00000039,0.00000234,262144,0
qwen/qwen3.5-397b-a17b,Chutes,fp8,0.00000045,0.000003,262144,0
qwen/qwen3.5-397b-a17b,DeepInfra,fp8,0.00000045,0.000003,262144,0
qwen/qwen3.5-397b-a17b,Parasail,fp8,0.0000005,0.0000036,262144,0
qwen/qwen3.5-397b-a17b,AtlasCloud,fp8,0.00000055,0.0000035,262144,0
qwen/qwen3.5-397b-a17b,Phala,unknown,0.00000055,0.0000035,262144,0
qwen/qwen3.5-397b-a17b,Novita,unknown,0.0000006,0.0000036,262144,0
qwen/qwen3.5-397b-a17b,StreamLake,unknown,0.0000006,0.0000036,256000,0
qwen/qwen3.5-397b-a17b,GMICloud,fp8,0.0000006,0.0000036,262144,0
qwen/qwen3.5-397b-a17b,Venice,unknown,0.00000075,0.0000045,128000,0
minimax/minimax-m2.5,Inceptron,fp8,0.00000015,0.0000009,196608,0
minimax/minimax-m2.5,Chutes,fp8,0.00000015,0.0000012,196608,0
minimax/minimax-m2.5,Phala,unknown,0.0000002,0.00000138,196608,0
minimax/minimax-m2.5,DigitalOcean,unknown,0.000000225,0.0000009,65536,0
minimax/minimax-m2.5,Mara,unknown,0.00000024,0.00000096,196608,0
minimax/minimax-m2.5,Venice,unknown,0.00000027,0.00000095,198000,0
minimax/minimax-m2.5,StreamLake,unknown,0.00000027,0.00000108,200000,0
minimax/minimax-m2.5,AtlasCloud,fp8,0.000000295,0.0000012,196608,0
minimax/minimax-m2.5,Friendli,unknown,0.0000003,0.0000012,196608,0
minimax/minimax-m2.5,Minimax,fp8,0.0000003,0.0000012,204800,0
minimax/minimax-m2.5,Novita,fp8,0.0000003,0.0000012,204800,0
minimax/minimax-m2.5,SiliconFlow,fp8,0.0000003,0.0000012,196608,0
minimax/minimax-m2.5,Parasail,fp8,0.0000003,0.0000012,196608,0
minimax/minimax-m2.5,WandB,fp8,0.0000003,0.0000012,196608,0
minimax/minimax-m2.5,Minimax,fp8,0.0000006,0.0000024,204800,0
z-ai/glm-5,StreamLake,fp8,0.0000006,0.00000192,198000,0
z-ai/glm-5,GMICloud,fp8,0.0000006,0.00000192,202752,0
z-ai/glm-5,DeepInfra,fp4,0.0000006,0.00000208,202752,0
z-ai/glm-5,Baidu,fp8,0.0000007,0.00000224,202752,0
z-ai/glm-5,DigitalOcean,unknown,0.00000075,0.0000024,64000,0
z-ai/glm-5,SiliconFlow,fp8,0.00000095,0.00000255,204800,0
z-ai/glm-5,Chutes,fp8,0.00000095,0.00000255,202752,0
z-ai/glm-5,AtlasCloud,fp8,0.00000095,0.00000315,202752,0
z-ai/glm-5,Amazon Bedrock,unknown,0.000001,0.0000032,202752,0
z-ai/glm-5,Novita,fp8,0.000001,0.0000032,202800,0
z-ai/glm-5,Z.AI,fp8,0.000001,0.0000032,202752,0
z-ai/glm-5,Parasail,fp8,0.000001,0.0000032,202752,0
z-ai/glm-5,Venice,fp8,0.000001,0.0000032,198000,0
z-ai/glm-5,Phala,unknown,0.0000012,0.0000035,202752,0
qwen/qwen3-max-thinking,Alibaba,unknown,0.00000078,0.0000039,262144,0
anthropic/claude-opus-4.6,Amazon Bedrock,unknown,0.000005,0.000025,1000000,0
anthropic/claude-opus-4.6,Azure,unknown,0.000005,0.000025,1000000,0
anthropic/claude-opus-4.6,Anthropic,unknown,0.000005,0.000025,1000000,0
anthropic/claude-opus-4.6,Google,unknown,0.000005,0.000025,1000000,0
anthropic/claude-opus-4.6,Anthropic,unknown,0.000005,0.000025,1000000,0
anthropic/claude-opus-4.6,Google,unknown,0.0000055,0.0000275,1000000,0
qwen/qwen3-coder-next,Ionstream,fp8,0.00000011,0.0000008,262144,0
qwen/qwen3-coder-next,Parasail,bf16,0.00000012,0.0000008,262144,0
qwen/qwen3-coder-next,StreamLake,unknown,0.00000018,0.0000009,256000,0
qwen/qwen3-coder-next,Novita,fp8,0.0000002,0.0000015,262144,0
qwen/qwen3-coder-next,Alibaba,unknown,0.0000003,0.0000015,262144,0
stepfun/step-3.5-flash,SiliconFlow,fp8,0.0000001,0.0000003,262144,0
moonshotai/kimi-k2.5,DigitalOcean,unknown,0.000000375,0.000002025,262144,0
moonshotai/kimi-k2.5,Chutes,int4,0.00000044,0.000002,262144,0
moonshotai/kimi-k2.5,DeepInfra,fp4,0.00000045,0.00000225,262144,0
moonshotai/kimi-k2.5,SiliconFlow,int4,0.00000045,0.00000225,262144,0
moonshotai/kimi-k2.5,AtlasCloud,int4,0.00000049,0.0000025,262144,0
moonshotai/kimi-k2.5,StreamLake,fp8,0.00000054,0.0000027,256000,0
moonshotai/kimi-k2.5,Venice,unknown,0.00000056,0.0000035,256000,0
moonshotai/kimi-k2.5,Novita,unknown,0.00000057,0.00000285,262144,0
moonshotai/kimi-k2.5,Moonshot AI,int4,0.0000006,0.000003,262144,0
moonshotai/kimi-k2.5,Phala,unknown,0.0000006,0.000003,262144,0
upstage/solar-pro-3,Upstage,unknown,0.00000015,0.0000006,128000,0
minimax/minimax-m2-her,Minimax,unknown,0.0000003,0.0000012,65536,0
writer/palmyra-x5,Amazon Bedrock,unknown,0.0000006,0.000006,1040000,0
openai/gpt-audio,OpenAI,unknown,0.0000025,0.00001,128000,0
openai/gpt-audio-mini,OpenAI,unknown,0.0000006,0.0000024,128000,0
z-ai/glm-4.7-flash,DeepInfra,bf16,0.00000006,0.0000004,202752,0
z-ai/glm-4.7-flash,Cloudflare,unknown,0.0000000605,0.0000004,131072,-5
z-ai/glm-4.7-flash,Novita,bf16,0.00000007,0.0000004,200000,-2
z-ai/glm-4.7-flash,Venice,fp8,0.000000125,0.0000005,128000,0
openai/gpt-5.2-codex,OpenAI,unknown,0.00000175,0.000014,400000,0
openai/gpt-5.2-codex,OpenAI,unknown,0.0000035,0.000028,400000,0
openai/gpt-5.2-codex,Azure,unknown,0.00000175,0.000014,400000,0
bytedance-seed/seed-1.6-flash,Seed,fp8,0.000000075,0.0000003,262144,0
bytedance-seed/seed-1.6,Seed,fp8,0.00000025,0.000002,262144,0
minimax/minimax-m2.1,Novita,fp8,0.0000003,0.0000012,204800,0
minimax/minimax-m2.1,Minimax,fp8,0.0000003,0.0000012,204800,0
minimax/minimax-m2.1,Minimax,fp8,0.0000003,0.0000024,204800,0
z-ai/glm-4.7,DeepInfra,fp4,0.0000004,0.00000175,202752,0
z-ai/glm-4.7,StreamLake,fp8,0.00000048,0.00000176,200000,-2
z-ai/glm-4.7,AtlasCloud,fp8,0.00000052,0.00000185,202752,0
z-ai/glm-4.7,Novita,fp8,0.00000054,0.00000198,204800,-2
z-ai/glm-4.7,Venice,fp4,0.00000055,0.00000265,198000,0
z-ai/glm-4.7,Z.AI,fp4,0.0000006,0.0000022,202752,-2
z-ai/glm-4.7,Google,unknown,0.0000006,0.0000022,200000,0
z-ai/glm-4.7,Phala,unknown,0.00000085,0.0000033,131072,0
z-ai/glm-4.7,Cerebras,fp16,0.00000225,0.00000275,131072,0
google/gemini-3-flash-preview,Google,unknown,0.0000005,0.000003,1048576,0
google/gemini-3-flash-preview,Google,unknown,0.00000025,0.0000015,1048576,0
google/gemini-3-flash-preview,Google,unknown,0.0000009,0.0000054,1048576,0
google/gemini-3-flash-preview,Google AI Studio,unknown,0.0000005,0.000003,1048576,0
google/gemini-3-flash-preview,Google AI Studio,unknown,0.00000025,0.0000015,1048576,0
google/gemini-3-flash-preview,Google AI Studio,unknown,0.0000009,0.0000054,1048576,0
nvidia/nemotron-3-nano-30b-a3b,DeepInfra,fp4,0.00000005,0.0000002,262144,0
nvidia/nemotron-3-nano-30b-a3b,Novita,fp4,0.00000005,0.0000002,262144,0
nvidia/nemotron-3-nano-30b-a3b,Nebius,fp8,0.00000006,0.00000024,262144,0
nvidia/nemotron-3-nano-30b-a3b:free,Nvidia,bf16,0,0,256000,0
openai/gpt-5.2-chat,OpenAI,unknown,0.00000175,0.000014,128000,0
openai/gpt-5.2-chat,Azure,unknown,0.00000175,0.000014,128000,0
openai/gpt-5.2-pro,OpenAI,unknown,0.000021,0.000168,400000,0
openai/gpt-5.2,OpenAI,unknown,0.00000175,0.000014,400000,0
openai/gpt-5.2,OpenAI,unknown,0.000000875,0.000007,400000,0
openai/gpt-5.2,OpenAI,unknown,0.0000035,0.000028,400000,0
openai/gpt-5.2,Azure,unknown,0.00000175,0.000014,400000,0
mistralai/devstral-2512,Mistral,unknown,0.0000004,0.000002,262144,0
relace/relace-search,Relace,bf16,0.000001,0.000003,256000,0
z-ai/glm-4.6v,Novita,bf16,0.0000003,0.0000009,131072,-2
z-ai/glm-4.6v,Z.AI,fp8,0.0000003,0.0000009,131072,0
openai/gpt-5.1-codex-max,OpenAI,unknown,0.00000125,0.00001,400000,0
openai/gpt-5.1-codex-max,OpenAI,unknown,0.0000025,0.00002,400000,0
openai/gpt-5.1-codex-max,Azure,unknown,0.00000125,0.00001,400000,0
amazon/nova-2-lite-v1,Amazon Bedrock,unknown,0.0000003,0.0000025,1000000,0
amazon/nova-2-lite-v1,Amazon Bedrock,unknown,0.0000003,0.0000025,1000000,0
mistralai/ministral-14b-2512,Mistral,unknown,0.0000002,0.0000002,262144,0
mistralai/ministral-14b-2512,NextBit,fp8,0.00000035,0.00000035,262144,0
mistralai/ministral-8b-2512,Mistral,unknown,0.00000015,0.00000015,262144,0
mistralai/ministral-8b-2512,NextBit,fp8,0.0000003,0.0000003,262144,0
mistralai/ministral-3b-2512,Mistral,unknown,0.0000001,0.0000001,131072,0
mistralai/ministral-3b-2512,NextBit,fp8,0.00000015,0.00000015,131072,0
mistralai/mistral-large-2512,Mistral,unknown,0.0000005,0.0000015,262144,0
deepseek/deepseek-v3.2,StreamLake,fp8,0.0000002145,0.00000032175,128000,0
deepseek/deepseek-v3.2,Baidu,fp8,0.000000252,0.000000378,131072,0
deepseek/deepseek-v3.2,SiliconFlow,fp8,0.000000259,0.00000042,163840,0
deepseek/deepseek-v3.2,DeepInfra,fp4,0.00000026,0.00000038,163840,0
deepseek/deepseek-v3.2,AtlasCloud,fp8,0.00000026,0.00000038,163840,0
deepseek/deepseek-v3.2,Novita,fp8,0.000000269,0.0000004,163840,0
deepseek/deepseek-v3.2,GMICloud,fp8,0.00000029,0.00000043,163840,0
deepseek/deepseek-v3.2,Venice,unknown,0.00000033,0.00000048,160000,0
deepseek/deepseek-v3.2,Alibaba,unknown,0.0000003705,0.0000011115,131072,0
deepseek/deepseek-v3.2,DigitalOcean,unknown,0.000000425,0.00000136,163840,0
deepseek/deepseek-v3.2,Friendli,unknown,0.0000005,0.0000015,163840,0
deepseek/deepseek-v3.2,Google,unknown,0.00000056,0.00000168,163840,0
deepseek/deepseek-v3.2,Phala,unknown,0.000001,0.000001,163840,0
deepseek/deepseek-v3.2,SambaNova,unknown,0.000003,0.0000045,32768,0
anthropic/claude-opus-4.5,Anthropic,unknown,0.000005,0.000025,200000,0
anthropic/claude-opus-4.5,Amazon Bedrock,unknown,0.000005,0.000025,200000,0
anthropic/claude-opus-4.5,Google,unknown,0.000005,0.000025,200000,0
anthropic/claude-opus-4.5,Anthropic,unknown,0.000005,0.000025,200000,0
anthropic/claude-opus-4.5,Azure,unknown,0.000005,0.000025,200000,0
anthropic/claude-opus-4.5,Amazon Bedrock,unknown,0.0000055,0.0000275,200000,0
google/gemini-3-pro-image-preview,Google,unknown,0.000002,0.000012,65536,0
google/gemini-3-pro-image-preview,Google,unknown,0.000001,0.000006,65536,0
google/gemini-3-pro-image-preview,Google AI Studio,unknown,0.000002,0.000012,65536,0
google/gemini-3-pro-image-preview,Google AI Studio,unknown,0.000001,0.000006,65536,0
deepcogito/cogito-v2.1-671b,Together,unknown,0.00000125,0.00000125,128000,0
openai/gpt-5.1,OpenAI,unknown,0.00000125,0.00001,400000,0
openai/gpt-5.1,OpenAI,unknown,0.000000625,0.000005,400000,0
openai/gpt-5.1,OpenAI,unknown,0.0000025,0.00002,400000,0
openai/gpt-5.1,Azure,unknown,0.00000125,0.00001,400000,0
openai/gpt-5.1,Azure,unknown,0.000001375,0.000011,400000,0
openai/gpt-5.1-chat,Azure,unknown,0.00000125,0.00001,128000,0
openai/gpt-5.1-chat,OpenAI,unknown,0.00000125,0.00001,128000,0
openai/gpt-5.1-codex,Azure,unknown,0.00000125,0.00001,400000,0
openai/gpt-5.1-codex,OpenAI,unknown,0.00000125,0.00001,400000,0
openai/gpt-5.1-codex,OpenAI,unknown,0.0000025,0.00002,400000,0
openai/gpt-5.1-codex-mini,OpenAI,unknown,0.00000025,0.000002,400000,0
openai/gpt-5.1-codex-mini,Azure,unknown,0.00000025,0.000002,400000,0
moonshotai/kimi-k2-thinking,Novita,bf16,0.0000006,0.0000025,262144,-2
moonshotai/kimi-k2-thinking,Google,unknown,0.0000006,0.0000025,262144,0
amazon/nova-premier-v1,Amazon Bedrock,unknown,0.0000025,0.0000125,1000000,0
perplexity/sonar-pro-search,Perplexity,unknown,0.000003,0.000015,200000,0
mistralai/voxtral-small-24b-2507,Mistral,unknown,0.0000001,0.0000003,32000,0
openai/gpt-oss-safeguard-20b,Groq,unknown,0.000000075,0.0000003,131072,0
nvidia/nemotron-nano-12b-v2-vl:free,Nvidia,unknown,0,0,128000,-5
minimax/minimax-m2,Minimax,fp8,0.000000255,0.00000102,204800,0
minimax/minimax-m2,Google,unknown,0.0000003,0.0000012,196608,0
minimax/minimax-m2,Novita,fp8,0.0000003,0.0000012,204800,0
qwen/qwen3-vl-32b-instruct,Alibaba,unknown,0.000000104,0.000000416,131072,0
ibm-granite/granite-4.0-h-micro,Cloudflare,unknown,0.000000017,0.000000112,131000,0
openai/gpt-5-image-mini,OpenAI,unknown,0.0000025,0.000002,400000,0
anthropic/claude-haiku-4.5,Google,unknown,0.000001,0.000005,200000,0
anthropic/claude-haiku-4.5,Anthropic,unknown,0.000001,0.000005,200000,0
anthropic/claude-haiku-4.5,Azure,unknown,0.000001,0.000005,200000,0
anthropic/claude-haiku-4.5,Amazon Bedrock,unknown,0.000001,0.000005,200000,0
anthropic/claude-haiku-4.5,Google,unknown,0.0000011,0.0000055,200000,0
anthropic/claude-haiku-4.5,Amazon Bedrock,unknown,0.0000011,0.0000055,200000,0
qwen/qwen3-vl-8b-thinking,Alibaba,unknown,0.000000117,0.000001365,131072,0
qwen/qwen3-vl-8b-instruct,Alibaba,unknown,0.000000117,0.000000455,131072,0
qwen/qwen3-vl-8b-instruct,Parasail,bf16,0.00000025,0.00000075,262144,0
openai/gpt-5-image,OpenAI,unknown,0.00001,0.00001,400000,0
openai/o3-deep-research,OpenAI,unknown,0.00001,0.00004,200000,0
openai/o4-mini-deep-research,OpenAI,unknown,0.000002,0.000008,200000,0
google/gemini-2.5-flash-image,Google AI Studio,unknown,0.0000003,0.0000025,32768,0
google/gemini-2.5-flash-image,Google AI Studio,unknown,0.00000015,0.00000125,32768,0
google/gemini-2.5-flash-image,Google AI Studio,unknown,0.00000054,0.0000045,32768,0
google/gemini-2.5-flash-image,Google,unknown,0.0000003,0.0000025,32768,0
google/gemini-2.5-flash-image,Google,unknown,0.00000015,0.00000125,32768,0
qwen/qwen3-vl-30b-a3b-thinking,Alibaba,unknown,0.00000013,0.00000156,131072,0
qwen/qwen3-vl-30b-a3b-thinking,SiliconFlow,fp8,0.00000029,0.000001,262144,0
qwen/qwen3-vl-30b-a3b-instruct,Alibaba,unknown,0.00000013,0.00000052,131072,0
qwen/qwen3-vl-30b-a3b-instruct,DeepInfra,fp8,0.00000015,0.0000006,262144,0
qwen/qwen3-vl-30b-a3b-instruct,Novita,bf16,0.0000002,0.0000007,131072,0
qwen/qwen3-vl-30b-a3b-instruct,Phala,unknown,0.0000002,0.0000007,128000,0
qwen/qwen3-vl-30b-a3b-instruct,SiliconFlow,fp8,0.00000029,0.000001,262144,0
openai/gpt-5-pro,OpenAI,unknown,0.000015,0.00012,400000,0
z-ai/glm-4.6,Venice,fp4,0.00000043,0.00000175,198000,0
z-ai/glm-4.6,DeepInfra,fp4,0.0000005,0.000002,202752,0
z-ai/glm-4.6,Novita,bf16,0.00000055,0.0000022,204800,0
z-ai/glm-4.6,Z.AI,fp4,0.0000006,0.0000022,202752,0
z-ai/glm-4.6,AtlasCloud,fp8,0.0000006,0.0000022,202752,0
anthropic/claude-sonnet-4.5,Amazon Bedrock,unknown,0.000003,0.000015,1000000,0
anthropic/claude-sonnet-4.5,Anthropic,unknown,0.000003,0.000015,1000000,0
anthropic/claude-sonnet-4.5,Google,unknown,0.000003,0.000015,1000000,0
anthropic/claude-sonnet-4.5,Azure,unknown,0.000003,0.000015,200000,0
anthropic/claude-sonnet-4.5,Anthropic,unknown,0.000003,0.000015,1000000,0
anthropic/claude-sonnet-4.5,Amazon Bedrock,unknown,0.000003,0.000015,1000000,0
anthropic/claude-sonnet-4.5,Google,unknown,0.0000033,0.0000165,1000000,0
anthropic/claude-sonnet-4.5,Amazon Bedrock,unknown,0.0000033,0.0000165,1000000,0
deepseek/deepseek-v3.2-exp,Novita,fp8,0.00000027,0.00000041,163840,0
deepseek/deepseek-v3.2-exp,SiliconFlow,fp8,0.00000027,0.00000041,163840,0
deepseek/deepseek-v3.2-exp,AtlasCloud,fp8,0.00000027,0.00000041,163840,0
thedrummer/cydonia-24b-v4.1,Parasail,bf16,0.0000003,0.0000005,131072,0
relace/relace-apply-3,Relace,fp8,0.00000085,0.00000125,256000,0
qwen/qwen3-vl-235b-a22b-thinking,Alibaba,unknown,0.00000026,0.0000026,131072,0
qwen/qwen3-vl-235b-a22b-thinking,Novita,bf16,0.00000098,0.00000395,131072,0
qwen/qwen3-vl-235b-a22b-instruct,DeepInfra,fp8,0.0000002,0.00000088,262144,-5
qwen/qwen3-vl-235b-a22b-instruct,Venice,fp8,0.00000021,0.0000019,128000,0
qwen/qwen3-vl-235b-a22b-instruct,Parasail,fp8,0.00000021,0.0000019,131072,-2
qwen/qwen3-vl-235b-a22b-instruct,Alibaba,unknown,0.00000026,0.00000104,131072,0
qwen/qwen3-vl-235b-a22b-instruct,Novita,bf16,0.0000003,0.0000015,131072,-2
qwen/qwen3-max,Alibaba,unknown,0.00000078,0.0000039,262144,0
qwen/qwen3-coder-plus,Alibaba,unknown,0.00000065,0.00000325,1000000,0
openai/gpt-5-codex,OpenAI,unknown,0.00000125,0.00001,400000,0
deepseek/deepseek-v3.1-terminus,DeepInfra,fp4,0.00000027,0.00000095,163840,0
deepseek/deepseek-v3.1-terminus,SiliconFlow,fp8,0.00000027,0.000001,163840,0
deepseek/deepseek-v3.1-terminus,Novita,fp8,0.00000027,0.000001,131072,0
deepseek/deepseek-v3.1-terminus,AtlasCloud,fp8,0.0000003,0.00000095,131072,0
deepseek/deepseek-v3.1-terminus,StreamLake,unknown,0.0000003426,0.0000010284,128000,0
qwen/qwen3-coder-flash,Alibaba,unknown,0.000000195,0.000000975,1000000,0
qwen/qwen3-next-80b-a3b-thinking,Alibaba,unknown,0.0000000975,0.00000078,131072,0
qwen/qwen3-next-80b-a3b-thinking,Google,unknown,0.00000015,0.0000012,262144,0
qwen/qwen3-next-80b-a3b-instruct,DeepInfra,fp8,0.00000009,0.0000011,262144,-2
qwen/qwen3-next-80b-a3b-instruct,Alibaba,unknown,0.0000000975,0.00000078,131072,0
qwen/qwen3-next-80b-a3b-instruct,Parasail,fp8,0.0000001,0.0000011,262144,0
qwen/qwen3-next-80b-a3b-instruct,Google,unknown,0.00000015,0.0000012,262144,0
qwen/qwen3-next-80b-a3b-instruct,Novita,bf16,0.00000015,0.0000015,131072,-2
qwen/qwen-plus-2025-07-28,Alibaba,unknown,0.00000026,0.00000078,1000000,0
qwen/qwen-plus-2025-07-28:thinking,Alibaba,unknown,0.00000026,0.00000078,1000000,0
nvidia/nemotron-nano-9b-v2:free,Nvidia,bf16,0,0,128000,-5
moonshotai/kimi-k2-0905,Novita,fp8,0.0000006,0.0000025,262144,0
moonshotai/kimi-k2-0905,Groq,unknown,0.000001,0.000003,262144,0
qwen/qwen3-30b-a3b-thinking-2507,Alibaba,unknown,0.00000013,0.00000156,81920,0
nousresearch/hermes-4-70b,Nebius,fp8,0.00000013,0.0000004,131072,0
nousresearch/hermes-4-405b,Nebius,fp8,0.000001,0.000003,131072,0
deepseek/deepseek-chat-v3.1,DeepInfra,fp4,0.00000025,0.00000095,163840,0
deepseek/deepseek-chat-v3.1,Novita,fp8,0.00000027,0.000001,131072,0
deepseek/deepseek-chat-v3.1,SiliconFlow,fp8,0.00000027,0.000001,163840,0
deepseek/deepseek-chat-v3.1,AtlasCloud,fp8,0.0000003,0.00000095,131072,0
deepseek/deepseek-chat-v3.1,WandB,fp8,0.00000055,0.00000165,161000,0
deepseek/deepseek-chat-v3.1,Google,unknown,0.0000006,0.0000017,163840,0
deepseek/deepseek-chat-v3.1,Mara,unknown,0.0000006,0.0000017,131072,0
deepseek/deepseek-chat-v3.1,SambaNova,fp8,0.00000065,0.0000015,131072,0
mistralai/mistral-medium-3.1,Mistral,unknown,0.0000004,0.000002,131072,0
z-ai/glm-4.5v,Novita,fp8,0.0000006,0.0000018,65536,0
z-ai/glm-4.5v,Z.AI,fp8,0.0000006,0.0000018,65536,0
ai21/jamba-large-1.7,AI21,fp8,0.000002,0.000008,256000,0
openai/gpt-5-chat,OpenAI,unknown,0.00000125,0.00001,128000,0
openai/gpt-5,Azure,unknown,0.00000125,0.00001,400000,-2
openai/gpt-5,OpenAI,unknown,0.00000125,0.00001,400000,0
openai/gpt-5,Azure,unknown,0.000001375,0.000011,400000,0
openai/gpt-5-mini,OpenAI,unknown,0.00000025,0.000002,400000,-2
openai/gpt-5-mini,OpenAI,unknown,0.000000125,0.000001,400000,-2
openai/gpt-5-mini,Azure,unknown,0.00000025,0.000002,400000,0
openai/gpt-5-mini,Azure,unknown,0.000000275,0.0000022,400000,0
openai/gpt-5-nano,OpenAI,unknown,0.00000005,0.0000004,400000,0
openai/gpt-5-nano,OpenAI,unknown,0.000000025,0.0000002,400000,0
openai/gpt-5-nano,Azure,unknown,0.00000005,0.0000004,400000,0
openai/gpt-5-nano,Azure,unknown,0.000000055,0.00000044,400000,0
openai/gpt-oss-120b,DekaLLM,bf16,0.00000003,0.00000018,131072,0
openai/gpt-oss-120b,DeepInfra,bf16,0.000000037,0.00000017,131072,0
openai/gpt-oss-120b,WandB,fp4,0.00000004,0.00000014,131072,0
openai/gpt-oss-120b,Novita,fp4,0.00000005,0.00000025,131072,0
openai/gpt-oss-120b,SiliconFlow,fp8,0.00000005,0.00000045,131072,0
openai/gpt-oss-120b,Mancer 2,fp8,0.000000055,0.00000055,131072,0
openai/gpt-oss-120b,DigitalOcean,unknown,0.00000007,0.00000049,128000,0
openai/gpt-oss-120b,Google,unknown,0.00000009,0.00000036,131072,0
openai/gpt-oss-120b,BaseTen,fp4,0.0000001,0.0000005,128072,0
openai/gpt-oss-120b,Parasail,fp4,0.0000001,0.00000075,131072,0
openai/gpt-oss-120b,SambaNova,unknown,0.00000014,0.00000095,131072,0
openai/gpt-oss-120b,Amazon Bedrock,unknown,0.00000015,0.0000006,131072,0
openai/gpt-oss-120b,DeepInfra,bf16,0.00000015,0.0000006,131072,0
openai/gpt-oss-120b,Together,unknown,0.00000015,0.0000006,131072,-2
openai/gpt-oss-120b,Nebius,fp4,0.00000015,0.0000006,131072,0
openai/gpt-oss-120b,Amazon Bedrock,unknown,0.00000015,0.0000006,131072,0
openai/gpt-oss-120b,Phala,unknown,0.00000015,0.0000006,131072,0
openai/gpt-oss-120b,Groq,unknown,0.00000015,0.0000006,131072,0
openai/gpt-oss-120b,Mara,unknown,0.00000015,0.00000075,131072,0
openai/gpt-oss-120b,Cerebras,fp16,0.00000035,0.00000075,131072,0
openai/gpt-oss-20b,DekaLLM,bf16,0.000000029,0.00000014,131072,0
openai/gpt-oss-20b,WandB,fp4,0.00000003,0.00000013,131072,0
openai/gpt-oss-20b,DeepInfra,bf16,0.00000003,0.00000014,131072,0
openai/gpt-oss-20b,Novita,fp4,0.00000004,0.00000015,131072,0
openai/gpt-oss-20b,Phala,unknown,0.00000004,0.00000015,131072,0
openai/gpt-oss-20b,SiliconFlow,fp8,0.00000004,0.00000018,131072,0
openai/gpt-oss-20b,Parasail,fp4,0.00000004,0.0000002,131072,-2
openai/gpt-oss-20b,Together,unknown,0.00000005,0.0000002,131072,0
openai/gpt-oss-20b,Amazon Bedrock,unknown,0.00000007,0.00000015,131072,0
openai/gpt-oss-20b,Amazon Bedrock,unknown,0.00000007,0.00000015,131072,0
openai/gpt-oss-20b,Google,unknown,0.00000007,0.00000025,131072,-5
openai/gpt-oss-20b,Fireworks,unknown,0.00000007,0.0000003,131072,0
openai/gpt-oss-20b,Groq,unknown,0.000000075,0.0000003,131072,0
openai/gpt-oss-20b:free,Darkbloom,unknown,0,0,131072,0
anthropic/claude-opus-4.1,Anthropic,unknown,0.000015,0.000075,200000,0
anthropic/claude-opus-4.1,Google,unknown,0.000015,0.000075,200000,0
anthropic/claude-opus-4.1,Amazon Bedrock,unknown,0.000015,0.000075,200000,0
anthropic/claude-opus-4.1,Azure,unknown,0.000015,0.000075,200000,0
mistralai/codestral-2508,Mistral,unknown,0.0000003,0.0000009,256000,0
qwen/qwen3-coder-30b-a3b-instruct,Novita,fp8,0.00000007,0.00000027,160000,0
qwen/qwen3-coder-30b-a3b-instruct,SiliconFlow,fp8,0.00000007,0.00000028,262144,0
qwen/qwen3-coder-30b-a3b-instruct,Amazon Bedrock,unknown,0.00000015,0.0000006,0,0
qwen/qwen3-coder-30b-a3b-instruct,Alibaba,unknown,0.0000002925,0.0000014625,262144,0
qwen/qwen3-coder-30b-a3b-instruct,DigitalOcean,unknown,0.00000045,0.0000017,262144,0
qwen/qwen3-30b-a3b-instruct-2507,StreamLake,unknown,0.00000004815,0.00000019305,128000,0
qwen/qwen3-30b-a3b-instruct-2507,SiliconFlow,fp8,0.00000009,0.0000003,262144,0
qwen/qwen3-30b-a3b-instruct-2507,DekaLLM,unknown,0.00000009,0.0000003,262144,0
qwen/qwen3-30b-a3b-instruct-2507,Nebius,fp8,0.0000001,0.0000003,262144,0
qwen/qwen3-30b-a3b-instruct-2507,WandB,bf16,0.0000001,0.0000003,262144,0
qwen/qwen3-30b-a3b-instruct-2507,Alibaba,unknown,0.00000013,0.00000052,131072,0
qwen/qwen3-30b-a3b-instruct-2507,Phala,unknown,0.00000015,0.00000055,262144,0
z-ai/glm-4.5,Z.AI,fp8,0.0000006,0.0000022,131072,0
z-ai/glm-4.5-air,Novita,bf16,0.00000013,0.00000085,131072,0
z-ai/glm-4.5-air,SiliconFlow,fp8,0.00000014,0.00000086,131072,0
z-ai/glm-4.5-air,Z.AI,fp8,0.0000002,0.0000011,131072,0
qwen/qwen3-235b-a22b-thinking-2507,Alibaba,unknown,0.0000001495,0.000001495,131072,0
qwen/qwen3-235b-a22b-thinking-2507,DeepInfra,fp8,0.00000023,0.0000023,262144,0
qwen/qwen3-235b-a22b-thinking-2507,Novita,fp8,0.0000003,0.000003,131072,0
qwen/qwen3-235b-a22b-thinking-2507,Venice,fp8,0.00000045,0.0000035,128000,0
qwen/qwen3-coder,Google,unknown,0.00000022,0.0000018,262144,-5
qwen/qwen3-coder,DeepInfra,fp4,0.0000003,0.000001,262144,0
qwen/qwen3-coder,Venice,fp8,0.00000035,0.0000015,256000,0
qwen/qwen3-coder,Novita,fp8,0.00000038,0.00000155,262144,0
qwen/qwen3-coder,Alibaba,unknown,0.000000975,0.000004875,262144,0
qwen/qwen3-coder,WandB,bf16,0.000001,0.0000015,262144,0
bytedance/ui-tars-1.5-7b,Parasail,bf16,0.0000001,0.0000002,128000,0
google/gemini-2.5-flash-lite,Google,unknown,0.0000001,0.0000004,1048576,0
google/gemini-2.5-flash-lite,Google,unknown,0.0000001,0.0000004,1048576,0
google/gemini-2.5-flash-lite,Google AI Studio,unknown,0.0000001,0.0000004,1048576,0
google/gemini-2.5-flash-lite,Google AI Studio,unknown,0.00000005,0.0000002,1048576,0
google/gemini-2.5-flash-lite,Google AI Studio,unknown,0.00000018,0.00000072,1048576,0
qwen/qwen3-235b-a22b-2507,DeepInfra,fp8,0.00000009,0.00000055,262144,0
qwen/qwen3-235b-a22b-2507,Novita,fp8,0.00000009,0.00000058,131072,0
qwen/qwen3-235b-a22b-2507,Parasail,fp8,0.00000014,0.0000008,131072,0
qwen/qwen3-235b-a22b-2507,Alibaba,unknown,0.0000001495,0.000000598,131072,0
qwen/qwen3-235b-a22b-2507,Venice,fp8,0.00000015,0.00000075,128000,0
qwen/qwen3-235b-a22b-2507,Nebius,fp8,0.0000002,0.0000006,262144,0
qwen/qwen3-235b-a22b-2507,Friendli,unknown,0.0000002,0.0000008,262144,0
qwen/qwen3-235b-a22b-2507,AtlasCloud,fp8,0.0000002,0.00000088,131072,0
qwen/qwen3-235b-a22b-2507,StreamLake,unknown,0.00000021,0.00000084,128000,0
qwen/qwen3-235b-a22b-2507,Google,unknown,0.00000022,0.00000088,262144,0
qwen/qwen3-235b-a22b-2507,Google,unknown,0.00000025,0.000001,262144,0
qwen/qwen3-235b-a22b-2507,GMICloud,fp8,0.00000035,0.0000014,262144,0
moonshotai/kimi-k2,Novita,fp8,0.00000057,0.0000023,131072,0
cognitivecomputations/dolphin-mistral-24b-venice-edition,Venice,fp16,0.0000002,0.0000009,128000,0
tencent/hunyuan-a13b-instruct,SiliconFlow,fp8,0.00000014,0.00000057,131072,0
morph/morph-v3-large,Morph,unknown,0.0000009,0.0000019,262144,0
morph/morph-v3-fast,Morph,unknown,0.0000008,0.0000012,81920,0
baidu/ernie-4.5-vl-424b-a47b,Novita,fp16,0.00000042,0.00000125,123000,0
mistralai/mistral-small-3.2-24b-instruct,DeepInfra,fp8,0.000000075,0.0000002,128000,0
mistralai/mistral-small-3.2-24b-instruct,Parasail,bf16,0.00000009,0.0000003,131072,0
mistralai/mistral-small-3.2-24b-instruct,Venice,fp8,0.00000009375,0.00000025,256000,0
mistralai/mistral-small-3.2-24b-instruct,Mistral,unknown,0.0000001,0.0000003,131072,0
minimax/minimax-m1,Minimax,unknown,0.0000004,0.0000022,1000000,0
minimax/minimax-m1,Novita,bf16,0.00000055,0.0000022,1000000,0
google/gemini-2.5-flash,Google,unknown,0.0000003,0.0000025,1048576,0
google/gemini-2.5-flash,Google,unknown,0.0000003,0.0000025,1048576,0
google/gemini-2.5-flash,Google,unknown,0.00000054,0.0000045,1048576,0
google/gemini-2.5-flash,Google AI Studio,unknown,0.0000003,0.0000025,1048576,0
google/gemini-2.5-flash,Google AI Studio,unknown,0.00000015,0.00000125,1048576,0
google/gemini-2.5-flash,Google AI Studio,unknown,0.00000054,0.0000045,1048576,0
google/gemini-2.5-flash,Google,unknown,0.0000003,0.0000025,1048576,-2
google/gemini-2.5-pro,Google,unknown,0.00000125,0.00001,1048576,0
google/gemini-2.5-pro,Google,unknown,0.000000625,0.000005,1048576,0
google/gemini-2.5-pro,Google,unknown,0.00000225,0.000018,1048576,0
google/gemini-2.5-pro,Google,unknown,0.00000125,0.00001,1048576,-2
google/gemini-2.5-pro,Google,unknown,0.00000125,0.00001,1048576,0
google/gemini-2.5-pro,Google AI Studio,unknown,0.00000125,0.00001,1048576,0
google/gemini-2.5-pro,Google AI Studio,unknown,0.000000625,0.000005,1048576,0
google/gemini-2.5-pro,Google AI Studio,unknown,0.00000225,0.000018,1048576,0
openai/o3-pro,OpenAI,unknown,0.00002,0.00008,200000,0
google/gemini-2.5-pro-preview,Google,unknown,0.00000125,0.00001,1048576,0
google/gemini-2.5-pro-preview,Google,unknown,0.000000625,0.000005,1048576,0
google/gemini-2.5-pro-preview,Google,unknown,0.00000225,0.000018,1048576,0
google/gemini-2.5-pro-preview,Google,unknown,0.00000125,0.00001,1048576,-2
google/gemini-2.5-pro-preview,Google,unknown,0.00000125,0.00001,1048576,0
google/gemini-2.5-pro-preview,Google AI Studio,unknown,0.00000125,0.00001,1048576,0
google/gemini-2.5-pro-preview,Google AI Studio,unknown,0.000000625,0.000005,1048576,0
google/gemini-2.5-pro-preview,Google AI Studio,unknown,0.00000225,0.000018,1048576,0
deepseek/deepseek-r1-0528,DeepInfra,fp4,0.0000005,0.00000215,163840,0
deepseek/deepseek-r1-0528,SiliconFlow,fp8,0.0000005,0.00000218,163840,0
deepseek/deepseek-r1-0528,StreamLake,unknown,0.000000571,0.000002286,128000,-2
deepseek/deepseek-r1-0528,Novita,fp8,0.0000007,0.0000025,163840,0
anthropic/claude-opus-4,Google,unknown,0.000015,0.000075,200000,0
anthropic/claude-sonnet-4,Google,unknown,0.000003,0.000015,1000000,0
anthropic/claude-sonnet-4,Amazon Bedrock,unknown,0.000003,0.000015,200000,0
anthropic/claude-sonnet-4,Amazon Bedrock,unknown,0.000003,0.000015,200000,0
anthropic/claude-sonnet-4,Google,unknown,0.000003,0.000015,1000000,0
anthropic/claude-sonnet-4,Google,unknown,0.000003,0.000015,1000000,0
google/gemma-3n-e4b-it,Together,unknown,0.00000006,0.00000012,32768,0
mistralai/mistral-medium-3,Mistral,unknown,0.0000004,0.000002,131072,0
google/gemini-2.5-pro-preview-05-06,Google,unknown,0.00000125,0.00001,1048576,0
google/gemini-2.5-pro-preview-05-06,Google,unknown,0.000000625,0.000005,1048576,0
google/gemini-2.5-pro-preview-05-06,Google,unknown,0.00000225,0.000018,1048576,0
google/gemini-2.5-pro-preview-05-06,Google,unknown,0.00000125,0.00001,1048576,-2
google/gemini-2.5-pro-preview-05-06,Google,unknown,0.00000125,0.00001,1048576,0
google/gemini-2.5-pro-preview-05-06,Google AI Studio,unknown,0.00000125,0.00001,1048576,0
google/gemini-2.5-pro-preview-05-06,Google AI Studio,unknown,0.000000625,0.000005,1048576,0
google/gemini-2.5-pro-preview-05-06,Google AI Studio,unknown,0.00000225,0.000018,1048576,0
arcee-ai/virtuoso-large,Together,unknown,0.00000075,0.0000012,131072,0
meta-llama/llama-guard-4-12b,DeepInfra,bf16,0.00000018,0.00000018,163840,0
meta-llama/llama-guard-4-12b,Together,unknown,0.0000002,0.0000002,1048576,0
qwen/qwen3-30b-a3b,DeepInfra,fp8,0.00000012,0.0000005,40960,0
qwen/qwen3-30b-a3b,Alibaba,unknown,0.00000013,0.00000052,131072,0
qwen/qwen3-30b-a3b,NextBit,fp8,0.00000014,0.00000055,32768,0
qwen/qwen3-8b,Alibaba,unknown,0.000000117,0.000000455,131072,0
qwen/qwen3-14b,NextBit,int4,0.0000001,0.00000024,40960,0
qwen/qwen3-14b,DeepInfra,fp8,0.00000012,0.00000024,40960,0
qwen/qwen3-14b,Alibaba,unknown,0.0000002275,0.00000091,131072,0
qwen/qwen3-32b,DeepInfra,fp8,0.00000008,0.00000028,40960,0
qwen/qwen3-32b,Nebius,fp8,0.0000001,0.0000003,40960,0
qwen/qwen3-32b,Alibaba,unknown,0.000000104,0.000000416,131072,0
qwen/qwen3-32b,SiliconFlow,fp8,0.00000014,0.00000057,131072,-2
qwen/qwen3-32b,Groq,unknown,0.00000029,0.00000059,131072,0
qwen/qwen3-235b-a22b,Alibaba,unknown,0.000000455,0.00000182,131072,0
openai/o4-mini-high,OpenAI,unknown,0.0000011,0.0000044,200000,0
openai/o3,OpenAI,unknown,0.000002,0.000008,200000,0
openai/o4-mini,OpenAI,unknown,0.0000011,0.0000044,200000,0
openai/gpt-4.1,Azure,unknown,0.000002,0.000008,1047576,0
openai/gpt-4.1,OpenAI,unknown,0.000002,0.000008,1047576,0
openai/gpt-4.1,Azure,unknown,0.0000022,0.0000088,1047576,0
openai/gpt-4.1-mini,OpenAI,unknown,0.0000004,0.0000016,1047576,0
openai/gpt-4.1-mini,Azure,unknown,0.0000004,0.0000016,1047576,0
openai/gpt-4.1-mini,Azure,unknown,0.00000044,0.00000176,1047576,0
openai/gpt-4.1-nano,OpenAI,unknown,0.0000001,0.0000004,1047576,0
openai/gpt-4.1-nano,Azure,unknown,0.0000001,0.0000004,1047576,0
openai/gpt-4.1-nano,Azure,unknown,0.00000011,0.00000044,1047576,0
meta-llama/llama-4-maverick,DeepInfra,fp8,0.0000002,0.0000008,1048576,0
meta-llama/llama-4-maverick,DigitalOcean,unknown,0.00000025,0.00000087,128000,0
meta-llama/llama-4-maverick,Novita,fp8,0.00000027,0.00000085,1048576,0
meta-llama/llama-4-maverick,Parasail,fp8,0.00000035,0.000001,524288,0
meta-llama/llama-4-maverick,Google,unknown,0.00000035,0.00000115,524288,0
meta-llama/llama-4-scout,DeepInfra,fp8,0.0000001,0.0000003,327680,0
meta-llama/llama-4-scout,Groq,unknown,0.00000011,0.00000034,131072,0
meta-llama/llama-4-scout,Novita,bf16,0.00000018,0.00000059,131072,0
meta-llama/llama-4-scout,Google,unknown,0.00000025,0.0000007,1310720,0
deepseek/deepseek-chat-v3-0324,DeepInfra,fp4,0.00000024,0.0000009,163840,0
deepseek/deepseek-chat-v3-0324,SiliconFlow,fp8,0.00000025,0.000001,163840,0
deepseek/deepseek-chat-v3-0324,Novita,fp8,0.00000027,0.00000112,163840,0
deepseek/deepseek-chat-v3-0324,GMICloud,fp8,0.00000029,0.00000114,163840,0
openai/o1-pro,OpenAI,unknown,0.00015,0.0006,200000,0
mistralai/mistral-small-3.1-24b-instruct,Cloudflare,unknown,0.000000351,0.000000555,128000,0
google/gemma-3-4b-it,DeepInfra,bf16,0.00000005,0.0000001,131072,0
google/gemma-3-12b-it,DeepInfra,bf16,0.00000005,0.00000015,131072,0
cohere/command-a,Cohere,unknown,0.0000025,0.00001,256000,0
openai/gpt-4o-mini-search-preview,OpenAI,unknown,0.00000015,0.0000006,128000,0
openai/gpt-4o-search-preview,OpenAI,unknown,0.0000025,0.00001,128000,0
rekaai/reka-flash-3,Reka,fp8,0.0000001,0.0000002,65536,0
google/gemma-3-27b-it,DeepInfra,fp8,0.00000008,0.00000016,131072,0
google/gemma-3-27b-it,Parasail,fp8,0.00000008,0.00000045,131072,0
google/gemma-3-27b-it,Nebius,fp8,0.0000001,0.0000003,110000,0
google/gemma-3-27b-it,Novita,bf16,0.000000119,0.0000002,98304,0
google/gemma-3-27b-it,Phala,unknown,0.00000015,0.00000046,262144,0
thedrummer/skyfall-36b-v2,Parasail,fp8,0.00000055,0.0000008,32768,0
perplexity/sonar-reasoning-pro,Perplexity,unknown,0.000002,0.000008,128000,0
perplexity/sonar-pro,Perplexity,unknown,0.000003,0.000015,200000,0
perplexity/sonar-deep-research,Perplexity,unknown,0.000002,0.000008,128000,0
mistralai/mistral-saba,Mistral,unknown,0.0000002,0.0000006,32768,0
openai/o3-mini-high,OpenAI,unknown,0.0000011,0.0000044,200000,0
aion-labs/aion-rp-llama-3.1-8b,AionLabs,unknown,0.0000008,0.0000016,32768,0
qwen/qwen2.5-vl-72b-instruct,Nebius,fp8,0.00000025,0.00000075,32000,0
qwen/qwen2.5-vl-72b-instruct,Parasail,fp8,0.0000008,0.000001,128000,0
qwen/qwen-plus,Alibaba,unknown,0.00000026,0.00000078,1000000,0
openai/o3-mini,OpenAI,unknown,0.0000011,0.0000044,200000,0
mistralai/mistral-small-24b-instruct-2501,DeepInfra,fp8,0.00000005,0.00000008,32768,0
perplexity/sonar,Perplexity,unknown,0.000001,0.000001,127072,0
deepseek/deepseek-r1-distill-llama-70b,Novita,bf16,0.0000008,0.0000008,8192,0
deepseek/deepseek-r1,Novita,fp8,0.0000007,0.0000025,64000,0
deepseek/deepseek-r1,Azure,unknown,0.000001485,0.00000594,163840,-2
minimax/minimax-01,Minimax,unknown,0.0000002,0.0000011,1000192,0
microsoft/phi-4,DeepInfra,bf16,0.00000007,0.00000014,16384,0
deepseek/deepseek-chat,StreamLake,unknown,0.0000002002,0.0000008001,128000,0
deepseek/deepseek-chat,DeepInfra,fp4,0.00000032,0.00000089,163840,0
deepseek/deepseek-chat,Novita,fp8,0.0000004,0.0000013,64000,0
sao10k/l3.3-euryale-70b,NextBit,bf16,0.00000065,0.00000075,131072,0
openai/o1,OpenAI,unknown,0.000015,0.00006,200000,0
cohere/command-r7b-12-2024,Cohere,unknown,0.0000000375,0.00000015,128000,0
meta-llama/llama-3.3-70b-instruct,DeepInfra,fp8,0.0000001,0.00000032,131072,0
meta-llama/llama-3.3-70b-instruct,Nebius,fp8,0.00000013,0.0000004,131072,0
meta-llama/llama-3.3-70b-instruct,AkashML,fp8,0.00000013,0.0000004,131072,0
meta-llama/llama-3.3-70b-instruct,Novita,bf16,0.000000135,0.0000004,6000,0
meta-llama/llama-3.3-70b-instruct,Parasail,fp8,0.00000022,0.0000005,131072,0
meta-llama/llama-3.3-70b-instruct,Cloudflare,fp8,0.000000293,0.000002253,24000,-5
meta-llama/llama-3.3-70b-instruct,SambaNova,bf16,0.00000045,0.0000009,16000,0
meta-llama/llama-3.3-70b-instruct,Groq,unknown,0.00000059,0.00000079,131072,0
meta-llama/llama-3.3-70b-instruct,WandB,fp16,0.00000071,0.00000071,128000,0
meta-llama/llama-3.3-70b-instruct,Google,unknown,0.00000072,0.00000072,128000,0
meta-llama/llama-3.3-70b-instruct,Google,unknown,0.00000072,0.00000072,128000,0
meta-llama/llama-3.3-70b-instruct,Together,fp8,0.00000104,0.00000104,131072,0
amazon/nova-lite-v1,Amazon Bedrock,unknown,0.00000006,0.00000024,300000,0
amazon/nova-lite-v1,Amazon Bedrock,unknown,0.00000006,0.00000024,300000,0
amazon/nova-micro-v1,Amazon Bedrock,unknown,0.000000035,0.00000014,128000,-2
amazon/nova-micro-v1,Amazon Bedrock,unknown,0.000000035,0.00000014,128000,0
amazon/nova-pro-v1,Amazon Bedrock,unknown,0.0000008,0.0000032,300000,0
amazon/nova-pro-v1,Amazon Bedrock,unknown,0.0000008,0.0000032,300000,0
openai/gpt-4o-2024-11-20,OpenAI,unknown,0.0000025,0.00001,128000,0
mistralai/mistral-large-2407,Mistral,unknown,0.000002,0.000006,131072,0
qwen/qwen-2.5-coder-32b-instruct,Cloudflare,unknown,0.00000066,0.000001,32768,0
thedrummer/unslopnemo-12b,NextBit,fp8,0.0000004,0.0000004,32768,-5
anthracite-org/magnum-v4-72b,Mancer 2,fp8,0.000003,0.000005,16384,0
qwen/qwen-2.5-7b-instruct,Phala,unknown,0.00000004,0.0000001,32768,0
qwen/qwen-2.5-7b-instruct,Together,fp8,0.0000003,0.0000003,32768,0
inflection/inflection-3-pi,Inflection,unknown,0.0000025,0.00001,8000,0
inflection/inflection-3-productivity,Inflection,unknown,0.0000025,0.00001,8000,0
thedrummer/rocinante-12b,Parasail,bf16,0.00000025,0.0000005,65536,0
meta-llama/llama-3.2-1b-instruct,Cloudflare,unknown,0.000000027,0.000000201,60000,0
meta-llama/llama-3.2-3b-instruct,Parasail,bf16,0.00000005,0.00000033,131072,0
meta-llama/llama-3.2-3b-instruct,Cloudflare,unknown,0.0000000509,0.000000335,80000,0
qwen/qwen-2.5-72b-instruct,DeepInfra,fp8,0.00000036,0.0000004,32768,0
qwen/qwen-2.5-72b-instruct,Novita,bf16,0.00000038,0.0000004,32000,0
cohere/command-r-08-2024,Cohere,unknown,0.00000015,0.0000006,128000,0
cohere/command-r-plus-08-2024,Cohere,unknown,0.0000025,0.00001,128000,0
sao10k/l3.1-euryale-70b,DeepInfra,fp8,0.00000085,0.00000085,131072,0
sao10k/l3.1-euryale-70b,Novita,fp8,0.0000014504,0.0000014504,8192,0
nousresearch/hermes-3-llama-3.1-70b,DeepInfra,fp8,0.0000007,0.0000007,131072,0
nousresearch/hermes-3-llama-3.1-405b,DeepInfra,fp8,0.000001,0.000001,131072,0
sao10k/l3-lunaris-8b,DeepInfra,fp8,0.00000004,0.00000005,8192,0
sao10k/l3-lunaris-8b,Novita,bf16,0.00000005,0.00000005,8192,0
openai/gpt-4o-2024-08-06,Azure,unknown,0.0000025,0.00001,128000,0
openai/gpt-4o-2024-08-06,OpenAI,unknown,0.0000025,0.00001,128000,0
meta-llama/llama-3.1-70b-instruct,DeepInfra,fp8,0.0000004,0.0000004,131072,0
meta-llama/llama-3.1-70b-instruct,Amazon Bedrock,unknown,0.00000072,0.00000072,131072,0
meta-llama/llama-3.1-70b-instruct,WandB,bf16,0.0000008,0.0000008,128000,0
meta-llama/llama-3.1-8b-instruct,DeepInfra,fp8,0.00000002,0.00000003,131072,0
meta-llama/llama-3.1-8b-instruct,Novita,fp8,0.00000002,0.00000005,16384,0
meta-llama/llama-3.1-8b-instruct,Groq,unknown,0.00000005,0.00000008,131072,0
meta-llama/llama-3.1-8b-instruct,Cloudflare,fp8,0.000000152,0.000000287,32000,0
meta-llama/llama-3.1-8b-instruct,WandB,bf16,0.00000022,0.00000022,128000,0
mistralai/mistral-nemo,DekaLLM,fp8,0.000000018,0.00000003,131072,0
mistralai/mistral-nemo,DeepInfra,fp8,0.000000019,0.00000003,131072,0
mistralai/mistral-nemo,Novita,fp8,0.00000004,0.00000017,60288,-2
mistralai/mistral-nemo,Mistral,unknown,0.00000015,0.00000015,131072,0
openai/gpt-4o-mini,Azure,unknown,0.00000015,0.0000006,128000,0
openai/gpt-4o-mini,OpenAI,unknown,0.00000015,0.0000006,128000,0
openai/gpt-4o-mini,Azure,unknown,0.000000165,0.00000066,128000,0
openai/gpt-4o-mini-2024-07-18,OpenAI,unknown,0.00000015,0.0000006,128000,0
google/gemma-2-27b-it,NextBit,int4,0.00000065,0.00000065,8192,0
openai/gpt-4o,Azure,unknown,0.0000025,0.00001,128000,0
openai/gpt-4o,OpenAI,unknown,0.0000025,0.00001,128000,0
openai/gpt-4o-2024-05-13,Azure,unknown,0.000005,0.000015,128000,0
openai/gpt-4o-2024-05-13,OpenAI,unknown,0.000005,0.000015,128000,0
mistralai/mixtral-8x22b-instruct,Mistral,unknown,0.000002,0.000006,65536,0
microsoft/wizardlm-2-8x22b,Novita,bf16,0.00000062,0.00000062,65535,0
openai/gpt-4-turbo,OpenAI,unknown,0.00001,0.00003,128000,0
anthropic/claude-3-haiku,Amazon Bedrock,unknown,0.00000025,0.00000125,200000,0
mistralai/mistral-large,Mistral,unknown,0.000002,0.000006,128000,0
openai/gpt-3.5-turbo-0613,Azure,unknown,0.000001,0.000002,4095,0
openai/gpt-4-turbo-preview,OpenAI,unknown,0.00001,0.00003,128000,0
openai/gpt-3.5-turbo-instruct,OpenAI,unknown,0.0000015,0.000002,4095,0
openai/gpt-3.5-turbo-16k,OpenAI,unknown,0.000003,0.000004,16385,0
openai/gpt-3.5-turbo-16k,Azure,unknown,0.000003,0.000004,16385,0
mancer/weaver,Mancer 2,fp8,0.0000005,0.00000075,8000,0
undi95/remm-slerp-l2-13b,Mancer 2,fp8,0.00000045,0.00000065,6144,0
undi95/remm-slerp-l2-13b,NextBit,bf16,0.00000045,0.00000065,6144,0
gryphe/mythomax-l2-13b,NextBit,int4,0.00000006,0.00000006,4096,-5
gryphe/mythomax-l2-13b,DeepInfra,fp16,0.0000004,0.0000004,4096,0
gryphe/mythomax-l2-13b,Mancer 2,fp8,0.00000045,0.00000065,8192,0
openai/gpt-3.5-turbo,OpenAI,unknown,0.0000005,0.0000015,16385,0
openai/gpt-4,OpenAI,unknown,0.00003,0.00006,8191,0
openai/gpt-4,Azure,unknown,0.00003,0.00006,8191,0
